mol solvent,mol solute,with_sme,without_sme
NCCN,OCC,-5.982035978,-6.205719167
NCCN,OCC,-5.453393488,-6.205719167
NCCN,OCC,-5.453393488,-6.205719167
NCCN,OCC,-5.982035978,-6.205719167
NCCN,OCC,-4.470154536,-6.205719167
C(CNCCN)N,OCC,-5.547626824,-5.960980178
C(CNCCN)N,OCC,-5.596854199,-5.960980178
C(CNCCN)N,OCC,-5.835348021,-5.960980178
C(CNCCN)N,OCC,-5.596854199,-5.960980178
C(CNCCN)N,OCC,-5.547626824,-5.960980178
C(CNCCN)N,OCC,-5.890856112,-5.960980178
C(CNCCN)N,OCC,-5.890856112,-5.960980178
C(CNCCN)N,OCC,-5.103005477,-5.960980178
C(CNCCN)N,OCC,-5.835348021,-5.960980178
C(CNCCN)N,OCC,-5.103005477,-5.960980178
C(CNCCNCCN)N,OCC,-5.387074034,-5.747112467
C(CNCCNCCN)N,OCC,-5.467850222,-5.747112467
C(CNCCNCCN)N,OCC,-5.66242806,-5.747112467
C(CNCCNCCN)N,OCC,-5.563360131,-5.747112467
C(CNCCNCCN)N,OCC,-5.563360131,-5.747112467
C(CNCCNCCN)N,OCC,-5.66242806,-5.747112467
C(CNCCNCCN)N,OCC,-5.467850222,-5.747112467
C(CNCCNCCN)N,OCC,-5.387074034,-5.747112467
C(CNCCNCCN)N,OCC,-5.716167846,-5.747112467
C(CNCCNCCN)N,OCC,-5.716167846,-5.747112467
C(CNCCNCCN)N,OCC,-5.096959328,-5.747112467
C(CNCCNCCN)N,OCC,-5.66242806,-5.747112467
C(CNCCNCCN)N,OCC,-5.383382278,-5.747112467
C(CNCCNCCN)N,OCC,-5.66242806,-5.747112467
C(CNCCNCCN)N,OCC,-5.096959328,-5.747112467
C(CNCCNCCNCCN)N,OCC,-5.218723573,-5.488906815
C(CNCCNCCNCCN)N,OCC,-5.275544844,-5.488906815
C(CNCCNCCNCCN)N,OCC,-5.435727612,-5.488906815
C(CNCCNCCNCCN)N,OCC,-5.320982407,-5.488906815
C(CNCCNCCNCCN)N,OCC,-5.339349474,-5.488906815
C(CNCCNCCNCCN)N,OCC,-5.446910979,-5.488906815
C(CNCCNCCNCCN)N,OCC,-5.339349474,-5.488906815
C(CNCCNCCNCCN)N,OCC,-5.320982407,-5.488906815
C(CNCCNCCNCCN)N,OCC,-5.435727612,-5.488906815
C(CNCCNCCNCCN)N,OCC,-5.275544844,-5.488906815
C(CNCCNCCNCCN)N,OCC,-5.218723573,-5.488906815
C(CNCCNCCNCCN)N,OCC,-5.484529727,-5.488906815
C(CNCCNCCNCCN)N,OCC,-5.484529727,-5.488906815
C(CNCCNCCNCCN)N,OCC,-4.978070413,-5.488906815
C(CNCCNCCNCCN)N,OCC,-5.435727612,-5.488906815
C(CNCCNCCNCCN)N,OCC,-5.171706547,-5.488906815
C(CNCCNCCNCCN)N,OCC,-5.446910979,-5.488906815
C(CNCCNCCNCCN)N,OCC,-5.171706547,-5.488906815
C(CNCCNCCNCCN)N,OCC,-5.435727612,-5.488906815
C(CNCCNCCNCCN)N,OCC,-4.978070413,-5.488906815
C(CCN)C[C@@H](C(=O)O)N,OCC,-5.13013227,-5.314255419
C(CCN)C[C@@H](C(=O)O)N,OCC,-5.037897578,-5.314255419
C(CCN)C[C@@H](C(=O)O)N,OCC,-5.023926365,-5.314255419
C(CCN)C[C@@H](C(=O)O)N,OCC,-5.312219245,-5.314255419
C(CCN)C[C@@H](C(=O)O)N,OCC,-5.111433506,-5.314255419
C(CCN)C[C@@H](C(=O)O)N,OCC,-5.168950152,-5.314255419
C(CCN)C[C@@H](C(=O)O)N,OCC,-5.141235553,-5.314255419
C(CCN)C[C@@H](C(=O)O)N,OCC,-5.207420743,-5.314255419
C(CCN)C[C@@H](C(=O)O)N,OCC,-5.236125677,-5.314255419
C(CCN)C[C@@H](C(=O)O)N,OCC,-5.307004587,-5.314255419
C(CCN)C[C@@H](C(=O)O)N,OCC,-4.079268217,-5.314255419
CCCCCC(=O)O  ,OCC,-4.521252369,-4.736191425
CCCCCC(=O)O  ,OCC,-4.656278708,-4.736191425
CCCCCC(=O)O  ,OCC,-4.481439923,-4.736191425
CCCCCC(=O)O  ,OCC,-4.461839892,-4.736191425
CCCCCC(=O)O  ,OCC,-4.381986114,-4.736191425
CCCCCC(=O)O  ,OCC,-4.390562416,-4.736191425
CCCCCC(=O)O  ,OCC,-4.484973098,-4.736191425
CCCCCC(=O)O  ,OCC,-4.797518498,-4.736191425
CCCCCC(=O)O  ,OCC,-3.828267145,-4.736191425
C[C@@H](C(=O)O)N,OCC,-4.921790695,-5.317891936
C[C@@H](C(=O)O)N,OCC,-5.026381457,-5.317891936
C[C@@H](C(=O)O)N,OCC,-5.028005586,-5.317891936
C[C@@H](C(=O)O)N,OCC,-5.056222885,-5.317891936
C[C@@H](C(=O)O)N,OCC,-5.33169664,-5.317891936
C[C@@H](C(=O)O)N,OCC,-5.193616039,-5.317891936
C[C@@H](C(=O)O)N,OCC,-4.356257737,-5.317891936
CCCCCCCCO,OCC,-4.401780671,-4.517070599
CCCCCCCCO,OCC,-4.393204633,-4.517070599
CCCCCCCCO,OCC,-4.373542227,-4.517070599
CCCCCCCCO,OCC,-4.388287578,-4.517070599
CCCCCCCCO,OCC,-4.347615625,-4.517070599
CCCCCCCCO,OCC,-4.373476152,-4.517070599
CCCCCCCCO,OCC,-4.313075718,-4.517070599
CCCCCCCCO,OCC,-4.193800659,-4.517070599
CCCCCCCCO,OCC,-4.503454607,-4.517070599
CCCCCCCCO,OCC,-3.481734492,-4.517070599
CCCCCCCCCCCCCCCCCC(=O)O  ,OCC,-2.969524518,-2.940881165
CCCCCCCCCCCCCCCCCC(=O)O  ,OCC,-2.968625366,-2.940881165
CCCCCCCCCCCCCCCCCC(=O)O  ,OCC,-2.976447088,-2.940881165
CCCCCCCCCCCCCCCCCC(=O)O  ,OCC,-2.980646831,-2.940881165
CCCCCCCCCCCCCCCCCC(=O)O  ,OCC,-2.97643123,-2.940881165
CCCCCCCCCCCCCCCCCC(=O)O  ,OCC,-2.97622349,-2.940881165
CCCCCCCCCCCCCCCCCC(=O)O  ,OCC,-2.977081411,-2.940881165
CCCCCCCCCCCCCCCCCC(=O)O  ,OCC,-2.981271638,-2.940881165
CCCCCCCCCCCCCCCCCC(=O)O  ,OCC,-2.908705166,-2.940881165
CCCCCCCCCCCCCCCCCC(=O)O  ,OCC,-2.924817482,-2.940881165
CCCCCCCCCCCCCCCCCC(=O)O  ,OCC,-2.925182745,-2.940881165
CCCCCCCCCCCCCCCCCC(=O)O  ,OCC,-2.916313334,-2.940881165
CCCCCCCCCCCCCCCCCC(=O)O  ,OCC,-2.909510227,-2.940881165
CCCCCCCCCCCCCCCCCC(=O)O  ,OCC,-2.941069348,-2.940881165
CCCCCCCCCCCCCCCCCC(=O)O  ,OCC,-2.893430157,-2.940881165
CCCCCCCCCCCCCCCCCC(=O)O  ,OCC,-2.901686919,-2.940881165
CCCCCCCCCCCCCCCCCC(=O)O  ,OCC,-2.876465207,-2.940881165
CCCCCCCCCCCCCCCCCC(=O)O  ,OCC,-2.860127707,-2.940881165
CCCCCCCCCCCCCCCCCC(=O)O  ,OCC,-2.94490594,-2.940881165
CCCCCCCCCCCCCCCCCC(=O)O  ,OCC,-2.952541066,-2.940881165
CCCCCCCCCCCCCCCCCC(=O)O  ,OCC,-2.937748142,-2.940881165
CCCCCCCCCCCCCCCC(=O)O  ,OCC,-3.162506506,-3.125803032
CCCCCCCCCCCCCCCC(=O)O  ,OCC,-3.160327081,-3.125803032
CCCCCCCCCCCCCCCC(=O)O  ,OCC,-3.171902934,-3.125803032
CCCCCCCCCCCCCCCC(=O)O  ,OCC,-3.178031545,-3.125803032
CCCCCCCCCCCCCCCC(=O)O  ,OCC,-3.171902934,-3.125803032
CCCCCCCCCCCCCCCC(=O)O  ,OCC,-3.180210971,-3.125803032
CCCCCCCCCCCCCCCC(=O)O  ,OCC,-3.083958904,-3.125803032
CCCCCCCCCCCCCCCC(=O)O  ,OCC,-3.098599063,-3.125803032
CCCCCCCCCCCCCCCC(=O)O  ,OCC,-3.094343289,-3.125803032
CCCCCCCCCCCCCCCC(=O)O  ,OCC,-3.104727674,-3.125803032
CCCCCCCCCCCCCCCC(=O)O  ,OCC,-3.088214678,-3.125803032
CCCCCCCCCCCCCCCC(=O)O  ,OCC,-3.124611563,-3.125803032
CCCCCCCCCCCCCCCC(=O)O  ,OCC,-3.05981924,-3.125803032
CCCCCCCCCCCCCCCC(=O)O  ,OCC,-3.070203625,-3.125803032
CCCCCCCCCCCCCCCC(=O)O  ,OCC,-3.035679576,-3.125803032
CCCCCCCCCCCCCCCC(=O)O  ,OCC,-3.011539913,-3.125803032
CCCCCCCCCCCCCCCC(=O)O  ,OCC,-3.125803032,-3.125803032
CCCCCCCCCCCCCCCC(=O)O  ,OCC,-3.138366843,-3.125803032
CCCCCCCCCCCCCCCC(=O)O  ,OCC,-3.046063961,-3.125803032
CCCCCCCCCCCC(=O)O  ,OCC,-3.728646299,-3.666918281
CCCCCCCCCCCC(=O)O  ,OCC,-3.754862311,-3.666918281
CCCCCCCCCCCC(=O)O  ,OCC,-3.650098961,-3.666918281
CCCCCCCCCCCC(=O)O  ,OCC,-3.671174055,-3.666918281
CCCCCCCCCCCC(=O)O  ,OCC,-3.654354471,-3.666918281
CCCCCCCCCCCC(=O)O  ,OCC,-3.663853976,-3.666918281
CCCCCCCCCCCC(=O)O  ,OCC,-3.635458802,-3.666918281
CCCCCCCCCCCC(=O)O  ,OCC,-3.691057945,-3.666918281
CCCCCCCCCCCC(=O)O  ,OCC,-3.592626717,-3.666918281
CCCCCCCCCCCC(=O)O  ,OCC,-3.612510607,-3.666918281
CCCCCCCCCCCC(=O)O  ,OCC,-3.567602174,-3.666918281
CCCCCCCCCCCC(=O)O  ,OCC,-3.516258541,-3.666918281
CCCCCCCCCCCC(=O)O  ,OCC,-3.663853976,-3.666918281
CCCCCCCCCCCC(=O)O  ,OCC,-3.691057945,-3.666918281
CCCCCCCCCCCC(=O)O  ,OCC,-3.322562939,-3.666918281
C([C@@H](C(=O)O)N)SSC[C@@H](C(=O)O)N  ,OCC,-4.797193936,-4.935790981
C([C@@H](C(=O)O)N)SSC[C@@H](C(=O)O)N  ,OCC,-4.849032077,-4.935790981
C([C@@H](C(=O)O)N)SSC[C@@H](C(=O)O)N  ,OCC,-4.807233673,-4.935790981
C([C@@H](C(=O)O)N)SSC[C@@H](C(=O)O)N  ,OCC,-4.814670309,-4.935790981
C([C@@H](C(=O)O)N)SSC[C@@H](C(=O)O)N  ,OCC,-4.92343914,-4.935790981
C([C@@H](C(=O)O)N)SSC[C@@H](C(=O)O)N  ,OCC,-4.868412209,-4.935790981
C([C@@H](C(=O)O)N)SSC[C@@H](C(=O)O)N  ,OCC,-4.889237274,-4.935790981
C([C@@H](C(=O)O)N)SSC[C@@H](C(=O)O)N  ,OCC,-4.889237274,-4.935790981
C([C@@H](C(=O)O)N)SSC[C@@H](C(=O)O)N  ,OCC,-4.797193936,-4.935790981
C([C@@H](C(=O)O)N)SSC[C@@H](C(=O)O)N  ,OCC,-4.849032077,-4.935790981
C([C@@H](C(=O)O)N)SSC[C@@H](C(=O)O)N  ,OCC,-4.807233673,-4.935790981
C([C@@H](C(=O)O)N)SSC[C@@H](C(=O)O)N  ,OCC,-4.814670309,-4.935790981
C([C@@H](C(=O)O)N)SSC[C@@H](C(=O)O)N  ,OCC,-4.92343914,-4.935790981
C([C@@H](C(=O)O)N)SSC[C@@H](C(=O)O)N  ,OCC,-4.868412209,-4.935790981
C([C@@H](C(=O)O)N)SSC[C@@H](C(=O)O)N  ,OCC,-4.481422743,-4.935790981
C([C@@H](C(=O)O)N)SSC[C@@H](C(=O)O)N  ,OCC,-4.481422743,-4.935790981
C([C@@H](C(=O)O)N)SSC[C@@H](C(=O)O)N  ,OCC,-4.843322912,-4.935790981
CCCCCCCCCCO  ,OCC,-4.170545346,-4.428695494
CCCCCCCCCCO  ,OCC,-4.319112616,-4.428695494
CCCCCCCCCCO  ,OCC,-4.368294796,-4.428695494
CCCCCCCCCCO  ,OCC,-4.3476817,-4.428695494
CCCCCCCCCCO  ,OCC,-4.324293972,-4.428695494
CCCCCCCCCCO  ,OCC,-4.332671784,-4.428695494
CCCCCCCCCCO  ,OCC,-4.308092852,-4.428695494
CCCCCCCCCCO  ,OCC,-4.33141424,-4.428695494
CCCCCCCCCCO  ,OCC,-4.278705228,-4.428695494
CCCCCCCCCCO  ,OCC,-4.218073267,-4.428695494
CCCCCCCCCCO  ,OCC,-4.460499886,-4.428695494
CCCCCCCCCCO  ,OCC,-3.355010639,-4.428695494
CCCCCCCCC(=O)O,OCC,-4.105228122,-4.202443036
CCCCCCCCC(=O)O,OCC,-4.142339941,-4.202443036
CCCCCCCCC(=O)O,OCC,-4.162953037,-4.202443036
CCCCCCCCC(=O)O,OCC,-4.124989376,-4.202443036
CCCCCCCCC(=O)O,OCC,-4.214678321,-4.202443036
CCCCCCCCC(=O)O,OCC,-4.073330167,-4.202443036
CCCCCCCCC(=O)O,OCC,-4.101469498,-4.202443036
CCCCCCCCC(=O)O,OCC,-4.042387397,-4.202443036
CCCCCCCCC(=O)O,OCC,-4.017813751,-4.202443036
CCCCCCCCC(=O)O,OCC,-4.165529443,-4.202443036
CCCCCCCCC(=O)O,OCC,-4.225731387,-4.202443036
CCCCCCCCC(=O)O,OCC,-3.571857948,-4.202443036
CCCCCCCC(=O)O,OCC,-4.238066048,-4.340056353
CCCCCCCC(=O)O,OCC,-4.28867096,-4.340056353
CCCCCCCC(=O)O,OCC,-4.246576011,-4.340056353
CCCCCCCC(=O)O,OCC,-4.353615521,-4.340056353
CCCCCCCC(=O)O,OCC,-4.172682484,-4.340056353
CCCCCCCC(=O)O,OCC,-4.20108638,-4.340056353
CCCCCCCC(=O)O,OCC,-4.134648783,-4.340056353
CCCCCCCC(=O)O,OCC,-4.132142681,-4.340056353
CCCCCCCC(=O)O,OCC,-4.25020222,-4.340056353
CCCCCCCC(=O)O,OCC,-4.359784834,-4.340056353
CCCCCCCC(=O)O,OCC,-3.666918281,-4.340056353
CC1(C2CCC(O1)(CC2)C)C ,OCC,-3.582242333,-3.678494135
CC1(C2CCC(O1)(CC2)C)C ,OCC,-3.675429829,-3.678494135
CC1(C2CCC(O1)(CC2)C)C ,OCC,-3.671174055,-3.678494135
CC1(C2CCC(O1)(CC2)C)C ,OCC,-3.700454373,-3.678494135
CC1(C2CCC(O1)(CC2)C)C ,OCC,-3.671174055,-3.678494135
CC1(C2CCC(O1)(CC2)C)C ,OCC,-3.656533896,-3.678494135
CC1(C2CCC(O1)(CC2)C)C ,OCC,-3.740222152,-3.678494135
CC1(C2CCC(O1)(CC2)C)C ,OCC,-3.671174055,-3.678494135
CC1(C2CCC(O1)(CC2)C)C ,OCC,-3.700454373,-3.678494135
CC1(C2CCC(O1)(CC2)C)C ,OCC,-3.582242333,-3.678494135
CC1(C2CCC(O1)(CC2)C)C ,OCC,-3.582242333,-3.678494135
CC1(C2CCC(O1)(CC2)C)C ,OCC,-3.55602632,-3.678494135
CCCCCCC(=O)O  ,OCC,-4.388023277,-4.496605512
CCCCCCC(=O)O  ,OCC,-4.39686388,-4.496605512
CCCCCCC(=O)O  ,OCC,-4.506036034,-4.496605512
CCCCCCC(=O)O  ,OCC,-4.329211027,-4.496605512
CCCCCCC(=O)O  ,OCC,-4.315585784,-4.496605512
CCCCCCC(=O)O  ,OCC,-4.253861467,-4.496605512
CCCCCCC(=O)O  ,OCC,-4.242982839,-4.496605512
CCCCCCC(=O)O  ,OCC,-4.359850909,-4.496605512
CCCCCCC(=O)O  ,OCC,-4.550012278,-4.496605512
CCCCCCC(=O)O  ,OCC,-3.767426122,-4.496605512
CCCCCCCCCC(=O)O ,OCC,-4.001847594,-4.094009603
CCCCCCCCCC(=O)O ,OCC,-4.064555904,-4.094009603
CCCCCCCCCC(=O)O ,OCC,-4.064688054,-4.094009603
CCCCCCCCCC(=O)O ,OCC,-4.081741281,-4.094009603
CCCCCCCCCC(=O)O ,OCC,-4.032575488,-4.094009603
CCCCCCCCCC(=O)O ,OCC,-4.129906166,-4.094009603
CCCCCCCCCC(=O)O ,OCC,-3.987036168,-4.094009603
CCCCCCCCCC(=O)O ,OCC,-4.015307649,-4.094009603
CCCCCCCCCC(=O)O ,OCC,-3.955171516,-4.094009603
CCCCCCCCCC(=O)O ,OCC,-3.946364215,-4.094009603
CCCCCCCCCC(=O)O ,OCC,-4.087811217,-4.094009603
CCCCCCCCCC(=O)O ,OCC,-4.113870234,-4.094009603
CCCCCCCCCC(=O)O ,OCC,-3.508938461,-4.094009603
CCCCCCCCCCCCO,OCC,-4.24037366,-4.214744396
CCCCCCCCCCCCO,OCC,-4.255416613,-4.214744396
CCCCCCCCCCCCO,OCC,-3.92161983,-4.214744396
CCCCCCCCCCCCO,OCC,-4.088075782,-4.214744396
CCCCCCCCCCCCO,OCC,-4.140586568,-4.214744396
CCCCCCCCCCCCO,OCC,-4.113738084,-4.214744396
CCCCCCCCCCCCO,OCC,-4.105294197,-4.214744396
CCCCCCCCCCCCO,OCC,-4.119907397,-4.214744396
CCCCCCCCCCCCO,OCC,-4.108721916,-4.214744396
CCCCCCCCCCCCO,OCC,-4.125973368,-4.214744396
CCCCCCCCCCCCO,OCC,-4.090383394,-4.214744396
CCCCCCCCCCCCO,OCC,-3.966158507,-4.214744396
CCCCCCCCCCCCO,OCC,-4.177764727,-4.214744396
CCCCCCCCCCCCO,OCC,-3.177146665,-4.214744396
CC1(C2CCC1(C(=O)C2)C)C,OCC,-3.845580708,-3.914317723
CC1(C2CCC1(C(=O)C2)C)C,OCC,-3.960055533,-3.914317723
CC1(C2CCC1(C(=O)C2)C)C,OCC,-3.874034028,-3.914317723
CC1(C2CCC1(C(=O)C2)C)C,OCC,-3.831974231,-3.914317723
CC1(C2CCC1(C(=O)C2)C)C,OCC,-3.840419968,-3.914317723
CC1(C2CCC1(C(=O)C2)C)C,OCC,-3.850476884,-3.914317723
CC1(C2CCC1(C(=O)C2)C)C,OCC,-3.862617284,-3.914317723
CC1(C2CCC1(C(=O)C2)C)C,OCC,-3.913051722,-3.914317723
CC1(C2CCC1(C(=O)C2)C)C,OCC,-3.798885865,-3.914317723
CC1(C2CCC1(C(=O)C2)C)C,OCC,-3.831982424,-3.914317723
CC1(C2CCC1(C(=O)C2)C)C,OCC,-3.845580708,-3.914317723
CC1(C2CCC1(C(=O)C2)C)C,OCC,-3.550782589,-3.914317723
c1ccc(cc1)CCC(=O)O,OCC,-4.081906469,-4.054589908
c1ccc(cc1)CCC(=O)O,OCC,-4.084383233,-4.054589908
c1ccc(cc1)CCC(=O)O,OCC,-4.076758151,-4.054589908
c1ccc(cc1)CCC(=O)O,OCC,-3.946281489,-4.054589908
c1ccc(cc1)CCC(=O)O,OCC,-4.076758151,-4.054589908
c1ccc(cc1)CCC(=O)O,OCC,-4.084383233,-4.054589908
c1ccc(cc1)CCC(=O)O,OCC,-3.941331396,-4.054589908
c1ccc(cc1)CCC(=O)O,OCC,-3.885914092,-4.054589908
c1ccc(cc1)CCC(=O)O,OCC,-3.873819152,-4.054589908
c1ccc(cc1)CCC(=O)O,OCC,-3.968664608,-4.054589908
c1ccc(cc1)CCC(=O)O,OCC,-4.080417662,-4.054589908
c1ccc(cc1)CCC(=O)O,OCC,-4.094075678,-4.054589908
c1ccc(cc1)CCC(=O)O,OCC,-3.617754338,-4.054589908
C[N+](C)(C)CC=C.[Cl-],OCC,-3.401110541,-3.39586681
C[N+](C)(C)CC=C.[Cl-],OCC,-3.64397035,-3.39586681
C[N+](C)(C)CC=C.[Cl-],OCC,-3.401110541,-3.39586681
C[N+](C)(C)CC=C.[Cl-],OCC,-3.401110541,-3.39586681
C[N+](C)(C)CC=C.[Cl-],OCC,-3.39586681,-3.39586681
C[N+](C)(C)CC=C.[Cl-],OCC,-3.475299292,-3.39586681
C[N+](C)(C)CC=C.[Cl-],OCC,-3.384290957,-3.39586681
C[N+](C)(C)CC=C.[Cl-],OCC,-3.671174055,-3.39586681
C[N+](C)(C)CC=C.[Cl-],OCC,-3.477478718,-3.39586681
C(CO)N ,OCC,-4.877552529,-5.382592811
C(CO)N ,OCC,-4.993894376,-5.382592811
C(CO)N ,OCC,-5.197654822,-5.382592811
C(CO)N ,OCC,-5.4065472,-5.382592811
C(CO)N ,OCC,-4.332737859,-5.382592811
CCNC=O,OCC,-4.705568987,-5.07651512
CCNC=O,OCC,-4.803172953,-5.07651512
CCNC=O,OCC,-5.070534782,-5.07651512
CCNC=O,OCC,-4.888365081,-5.07651512
CCNC=O,OCC,-4.926760082,-5.07651512
CCNC=O,OCC,-4.486686825,-5.07651512
CCNC=O,OCC,-4.812700474,-5.07651512
CCCCCCCCCCC(=O)O,OCC,-3.910947622,-3.821102475
CCCCCCCCCCC(=O)O,OCC,-3.791565786,-3.821102475
CCCCCCCCCCC(=O)O,OCC,-3.813608486,-3.821102475
CCCCCCCCCCC(=O)O,OCC,-3.80927025,-3.821102475
CCCCCCCCCCC(=O)O,OCC,-3.80927025,-3.821102475
CCCCCCCCCCC(=O)O,OCC,-3.787310012,-3.821102475
CCCCCCCCCCC(=O)O,OCC,-3.856782576,-3.821102475
CCCCCCCCCCC(=O)O,OCC,-3.745465884,-3.821102475
CCCCCCCCCCC(=O)O,OCC,-3.754862311,-3.821102475
CCCCCCCCCCC(=O)O,OCC,-3.718261914,-3.821102475
CCCCCCCCCCC(=O)O,OCC,-3.713018183,-3.821102475
CCCCCCCCCCC(=O)O,OCC,-3.816090272,-3.821102475
CCCCCCCCCCC(=O)O,OCC,-3.845427678,-3.821102475
CCCCCCCCCCC(=O)O,OCC,-3.438698895,-3.821102475
CC(=O)C(=O)O,OCC,-4.994579972,-5.608134036
CC(=O)C(=O)O,OCC,-4.952967901,-5.608134036
CC(=O)C(=O)O,OCC,-5.180132197,-5.608134036
CC(=O)C(=O)O,OCC,-5.008898212,-5.608134036
CC(=O)C(=O)O,OCC,-5.058209636,-5.608134036
CC(=O)C(=O)O,OCC,-5.674158001,-5.608134036
CC(=O)C(=O)O,OCC,-4.194817689,-5.608134036
C=CCCCCCCCCC(=O)O,OCC,-4.041234252,-4.087943367
C=CCCCCCCCCC(=O)O,OCC,-4.044959574,-4.087943367
C=CCCCCCCCCC(=O)O,OCC,-4.041168176,-4.087943367
C=CCCCCCCCCC(=O)O,OCC,-4.059440623,-4.087943367
C=CCCCCCCCCC(=O)O,OCC,-4.039761831,-4.087943367
C=CCCCCCCCCC(=O)O,OCC,-4.031086681,-4.087943367
C=CCCCCCCCCC(=O)O,OCC,-4.105062669,-4.087943367
C=CCCCCCCCCC(=O)O,OCC,-3.978261641,-4.087943367
C=CCCCCCCCCC(=O)O,OCC,-4.000611723,-4.087943367
C=CCCCCCCCCC(=O)O,OCC,-3.95861615,-4.087943367
C=CCCCCCCCCC(=O)O,OCC,-3.954840875,-4.087943367
C=CCCCCCCCCC(=O)O,OCC,-4.069505732,-4.087943367
C=CCCCCCCCCC(=O)O,OCC,-4.108688878,-4.087943367
C=CCCCCCCCCC(=O)O,OCC,-3.472234987,-4.087943367
CC1=CCC(CC1)C(C)(C)O,OCC,-4.492565407,-4.672814433
CC1=CCC(CC1)C(C)(C)O,OCC,-4.554828899,-4.672814433
CC1=CCC(CC1)C(C)(C)O,OCC,-4.532705058,-4.672814433
CC1=CCC(CC1)C(C)(C)O,OCC,-4.475352014,-4.672814433
CC1=CCC(CC1)C(C)(C)O,OCC,-4.465767404,-4.672814433
CC1=CCC(CC1)C(C)(C)O,OCC,-4.482866619,-4.672814433
CC1=CCC(CC1)C(C)(C)O,OCC,-4.47299445,-4.672814433
CC1=CCC(CC1)C(C)(C)O,OCC,-4.482755877,-4.672814433
CC1=CCC(CC1)C(C)(C)O,OCC,-4.400390976,-4.672814433
CC1=CCC(CC1)C(C)(C)O,OCC,-4.400390976,-4.672814433
CC1=CCC(CC1)C(C)(C)O,OCC,-4.7055415,-4.672814433
CC1=CCC(CC1)C(C)(C)O,OCC,-3.953583331,-4.672814433
CC1=CCC(CC1)C(C)(C)O,OCC,-4.096321179,-4.672814433
C[C@@H]1CC[C@H]([C@@H](C1)O)C(C)C  ,OCC,-4.390562416,-4.552158138
C[C@@H]1CC[C@H]([C@@H](C1)O)C(C)C  ,OCC,-4.461705891,-4.552158138
C[C@@H]1CC[C@H]([C@@H](C1)O)C(C)C  ,OCC,-4.385711701,-4.552158138
C[C@@H]1CC[C@H]([C@@H](C1)O)C(C)C  ,OCC,-4.417609126,-4.552158138
C[C@@H]1CC[C@H]([C@@H](C1)O)C(C)C  ,OCC,-4.439810671,-4.552158138
C[C@@H]1CC[C@H]([C@@H](C1)O)C(C)C  ,OCC,-4.356191662,-4.552158138
C[C@@H]1CC[C@H]([C@@H](C1)O)C(C)C  ,OCC,-4.362257898,-4.552158138
C[C@@H]1CC[C@H]([C@@H](C1)O)C(C)C  ,OCC,-4.568579685,-4.552158138
C[C@@H]1CC[C@H]([C@@H](C1)O)C(C)C  ,OCC,-4.480945151,-4.552158138
C[C@@H]1CC[C@H]([C@@H](C1)O)C(C)C  ,OCC,-4.408900938,-4.552158138
C[C@@H]1CC[C@H]([C@@H](C1)O)C(C)C  ,OCC,-4.408900938,-4.552158138
C[C@@H]1CC[C@H]([C@@H](C1)O)C(C)C  ,OCC,-4.206135321,-4.552158138
C[C@@H]1CC[C@H]([C@@H](C1)O)C(C)C  ,OCC,-3.720338263,-4.552158138
C1=C(NC=N1)C[C@@H](C(=O)O)N ,OCC,-5.070515224,-5.244057349
C1=C(NC=N1)C[C@@H](C(=O)O)N ,OCC,-5.076521728,-5.244057349
C1=C(NC=N1)C[C@@H](C(=O)O)N ,OCC,-5.174917539,-5.244057349
C1=C(NC=N1)C[C@@H](C(=O)O)N ,OCC,-5.066115142,-5.244057349
C1=C(NC=N1)C[C@@H](C(=O)O)N ,OCC,-5.222641835,-5.244057349
C1=C(NC=N1)C[C@@H](C(=O)O)N ,OCC,-5.093842691,-5.244057349
C1=C(NC=N1)C[C@@H](C(=O)O)N ,OCC,-5.10908017,-5.244057349
C1=C(NC=N1)C[C@@H](C(=O)O)N ,OCC,-5.116222375,-5.244057349
C1=C(NC=N1)C[C@@H](C(=O)O)N ,OCC,-5.161433433,-5.244057349
C1=C(NC=N1)C[C@@H](C(=O)O)N ,OCC,-5.193710395,-5.244057349
C1=C(NC=N1)C[C@@H](C(=O)O)N ,OCC,-5.224849276,-5.244057349
C1=C(NC=N1)C[C@@H](C(=O)O)N ,OCC,-4.776451333,-5.244057349
C1=C(NC=N1)C[C@@H](C(=O)O)N ,OCC,-4.703026147,-5.244057349
CCCCCCCCCCCCCCO  ,OCC,-3.827102635,-3.806205944
CCCCCCCCCCCCCCO  ,OCC,-3.84204119,-3.806205944
CCCCCCCCCCCCCCO  ,OCC,-3.863865577,-3.806205944
CCCCCCCCCCCCCCO  ,OCC,-3.873959495,-3.806205944
CCCCCCCCCCCCCCO  ,OCC,-3.533078125,-3.806205944
CCCCCCCCCCCCCCO  ,OCC,-3.688878519,-3.806205944
CCCCCCCCCCCCCCO  ,OCC,-3.740222152,-3.806205944
CCCCCCCCCCCCCCO  ,OCC,-3.705698104,-3.806205944
CCCCCCCCCCCCCCO  ,OCC,-3.702633799,-3.806205944
CCCCCCCCCCCCCCO  ,OCC,-3.727658342,-3.806205944
CCCCCCCCCCCCCCO  ,OCC,-3.717273957,-3.806205944
CCCCCCCCCCCCCCO  ,OCC,-3.715197609,-3.806205944
CCCCCCCCCCCCCCO  ,OCC,-3.683737866,-3.806205944
CCCCCCCCCCCCCCO  ,OCC,-3.541283084,-3.806205944
CCCCCCCCCCCCCCO  ,OCC,-3.779001975,-3.806205944
CCCCCCCCCCCCCCO  ,OCC,-3.049434856,-3.806205944
CCCCN1C=C[N+](=C1)C.C(F)(F)(F)S(=O)(=O)[O-],OCC,-3.163391386,-3.16764716
CCCCN1C=C[N+](=C1)C.C(F)(F)(F)S(=O)(=O)[O-],OCC,-3.185351624,-3.16764716
CCCCN1C=C[N+](=C1)C.C(F)(F)(F)S(=O)(=O)[O-],OCC,-3.191786824,-3.16764716
CCCCN1C=C[N+](=C1)C.C(F)(F)(F)S(=O)(=O)[O-],OCC,-3.191786824,-3.16764716
CCCCN1C=C[N+](=C1)C.C(F)(F)(F)S(=O)(=O)[O-],OCC,-3.190595355,-3.16764716
CCCCN1C=C[N+](=C1)C.C(F)(F)(F)S(=O)(=O)[O-],OCC,-3.111162873,-3.16764716
CCCCN1C=C[N+](=C1)C.C(F)(F)(F)S(=O)(=O)[O-],OCC,-3.108983448,-3.16764716
CCCCN1C=C[N+](=C1)C.C(F)(F)(F)S(=O)(=O)[O-],OCC,-3.18753105,-3.16764716
CCCCN1C=C[N+](=C1)C.C(F)(F)(F)S(=O)(=O)[O-],OCC,-3.112047753,-3.16764716
CCCCN1C=C[N+](=C1)C.C(F)(F)(F)S(=O)(=O)[O-],OCC,-3.145686922,-3.16764716
CCCCN1C=C[N+](=C1)C.C(F)(F)(F)S(=O)(=O)[O-],OCC,-3.229375178,-3.16764716
CCCCN1C=C[N+](=C1)C.C(F)(F)(F)S(=O)(=O)[O-],OCC,-3.025295192,-3.16764716
c1ccc2c(c1)ccc(=O)o2,OCC,-4.16536399,-4.170512309
c1ccc2c(c1)ccc(=O)o2,OCC,-4.130989536,-4.170512309
c1ccc2c(c1)ccc(=O)o2,OCC,-4.105095707,-4.170512309
c1ccc2c(c1)ccc(=O)o2,OCC,-4.113771121,-4.170512309
c1ccc2c(c1)ccc(=O)o2,OCC,-4.092959535,-4.170512309
c1ccc2c(c1)ccc(=O)o2,OCC,-4.12479115,-4.170512309
c1ccc2c(c1)ccc(=O)o2,OCC,-4.105161782,-4.170512309
c1ccc2c(c1)ccc(=O)o2,OCC,-4.091602878,-4.170512309
c1ccc2c(c1)ccc(=O)o2,OCC,-4.090383394,-4.170512309
c1ccc2c(c1)ccc(=O)o2,OCC,-4.150651677,-4.170512309
c1ccc2c(c1)ccc(=O)o2,OCC,-4.169155652,-4.170512309
c1ccc2c(c1)ccc(=O)o2,OCC,-3.872371575,-4.170512309
CNC=O,OCC,-4.682504499,-5.128754469
CNC=O,OCC,-5.101427336,-5.128754469
CNC=O,OCC,-4.862917656,-5.128754469
CNC=O,OCC,-4.898294868,-5.128754469
CNC=O,OCC,-4.345105558,-5.128754469
CC1(C2CCC(C2)(C1O)C)C,OCC,-3.277654506,-3.263899227
CC1(C2CCC(C2)(C1O)C)C,OCC,-3.257770616,-3.263899227
CC1(C2CCC(C2)(C1O)C)C,OCC,-3.334138793,-3.263899227
CC1(C2CCC(C2)(C1O)C)C,OCC,-3.329883018,-3.263899227
CC1(C2CCC(C2)(C1O)C)C,OCC,-3.339382524,-3.263899227
CC1(C2CCC(C2)(C1O)C)C,OCC,-3.270334426,-3.263899227
CC1(C2CCC(C2)(C1O)C)C,OCC,-3.332062444,-3.263899227
CC1(C2CCC(C2)(C1O)C)C,OCC,-3.122738727,-3.263899227
CC1(C2CCC(C2)(C1O)C)C,OCC,-3.31524286,-3.263899227
CC1(C2CCC(C2)(C1O)C)C,OCC,-3.302679049,-3.263899227
CC1(C2CCC(C2)(C1O)C)C,OCC,-3.277654506,-3.263899227
CC1(C2CCC(C2)(C1O)C)C,OCC,-3.516258541,-3.263899227
Cc1ccc(cc1)O,OCC,-5.346076726,-5.588865174
Cc1ccc(cc1)O,OCC,-5.020420941,-5.588865174
Cc1ccc(cc1)O,OCC,-5.134025159,-5.588865174
Cc1ccc(cc1)O,OCC,-5.0661347,-5.588865174
Cc1ccc(cc1)O,OCC,-5.051708889,-5.588865174
Cc1ccc(cc1)O,OCC,-5.0661347,-5.588865174
Cc1ccc(cc1)O,OCC,-5.134025159,-5.588865174
Cc1ccc(cc1)O,OCC,-5.611184862,-5.588865174
Cc1ccc(cc1)O,OCC,-3.838381943,-5.588865174
C1=CC=C(C=C1)CCCC(=O)O,OCC,-4.017747675,-3.989443157
C1=CC=C(C=C1)CCCC(=O)O,OCC,-4.000578685,-3.989443157
C1=CC=C(C=C1)CCCC(=O)O,OCC,-3.987201356,-3.989443157
C1=CC=C(C=C1)CCCC(=O)O,OCC,-3.99574462,-3.989443157
C1=CC=C(C=C1)CCCC(=O)O,OCC,-3.987201356,-3.989443157
C1=CC=C(C=C1)CCCC(=O)O,OCC,-4.000578685,-3.989443157
C1=CC=C(C=C1)CCCC(=O)O,OCC,-3.886120511,-3.989443157
C1=CC=C(C=C1)CCCC(=O)O,OCC,-3.877618742,-3.989443157
C1=CC=C(C=C1)CCCC(=O)O,OCC,-3.823368063,-3.989443157
C1=CC=C(C=C1)CCCC(=O)O,OCC,-3.833438194,-3.989443157
C1=CC=C(C=C1)CCCC(=O)O,OCC,-3.897355416,-3.989443157
C1=CC=C(C=C1)CCCC(=O)O,OCC,-4.015538912,-3.989443157
C1=CC=C(C=C1)CCCC(=O)O,OCC,-4.044860725,-3.989443157
C1=CC=C(C=C1)CCCC(=O)O,OCC,-3.526642925,-3.989443157
